run,seed,front_size,evaluations,best_delay,best_queue,best_stops
1,31900,50,2050,8.392857142857142,11.0,228.0
2,31901,50,2050,8.369897959183673,11.0,228.0
3,31902,50,2050,8.369897959183673,11.0,228.0
4,31903,50,2050,8.369897959183673,11.0,228.0
5,31904,50,2050,8.369897959183673,11.0,228.0
6,31905,50,2050,8.369897959183673,11.0,228.0
7,31906,50,2050,8.369897959183673,11.0,228.0
8,31907,50,2050,8.369897959183673,11.0,228.0
9,31908,50,2050,8.369897959183673,11.0,228.0
10,31909,50,2050,8.392857142857142,12.0,228.0
11,31910,50,2050,8.369897959183673,11.0,228.0
12,31911,50,2050,8.369897959183673,11.0,228.0
13,31912,50,2050,8.369897959183673,11.0,228.0
14,31913,50,2050,8.369897959183673,11.0,228.0
15,31914,50,2050,8.369897959183673,11.0,228.0
16,31915,50,2050,8.900510204081632,11.0,228.0
17,31916,50,2050,8.369897959183673,11.0,228.0
18,31917,50,2050,8.392857142857142,11.0,228.0
19,31918,50,2050,8.369897959183673,12.0,228.0
20,31919,50,2050,8.369897959183673,11.0,228.0
