green_ns,green_ew,cycle_seconds,average_delay,max_queue,stops,crowding_distance
16,11,33,8.369897959183673,12.0,331.0,inf
17,10,33,8.71938775510204,13.0,326.0,0.16032534582764346
20,13,39,8.900510204081632,11.0,318.0,inf
21,12,39,9.066326530612244,12.0,309.0,0.13190299157915664
24,14,44,10.237244897959183,14.0,308.0,0.07053829995443639
25,13,44,10.801020408163266,16.0,300.0,0.08506569281988068
25,18,49,10.91326530612245,14.0,306.0,0.07425117683052912
26,17,49,11.002551020408163,14.0,302.0,0.06028211131487324
27,17,50,11.035714285714286,15.0,297.0,0.1114093014291242
29,14,49,13.267857142857142,20.0,295.0,0.12045194395588635
37,22,65,13.438775510204081,19.0,286.0,0.06428872845015057
36,23,65,13.454081632653061,20.0,284.0,0.055626651697839744
37,21,64,13.510204081632653,18.0,285.0,0.03461280873926562
38,21,65,13.607142857142858,19.0,284.0,0.02469264544493719
39,19,64,13.650510204081632,19.0,278.0,0.05133450499969824
39,20,65,13.775510204081632,18.0,281.0,0.04576970556853531
40,19,65,14.068877551020408,18.0,280.0,0.062292708174657103
44,27,77,15.012755102040817,17.0,290.0,0.14846827927132858
50,24,80,16.227040816326532,22.0,275.0,0.1452691893158075
48,20,74,19.142857142857142,23.0,274.0,0.22136818854988985
42,16,64,22.071428571428573,28.0,270.0,0.23208355778285078
49,19,74,23.290816326530614,28.0,265.0,0.22334922170627694
50,18,74,27.627551020408163,34.0,263.0,0.37785833371619604
44,14,64,32.46683673469388,42.0,260.0,0.26966043309043025
46,14,66,34.09438775510204,43.0,258.0,0.2413926426018537
45,13,64,37.58418367346939,50.0,253.0,0.20749231443747065
47,13,66,38.69387755102041,50.0,247.0,0.09349089098334737
46,13,65,38.94642857142857,49.0,251.0,0.2135013177362115
46,12,64,42.714285714285715,56.0,245.0,0.21119883581888
47,12,65,43.82142857142857,55.0,244.0,0.20285553155624447
47,11,64,49.19897959183673,63.0,243.0,0.2289754038873999
48,11,65,50.35459183673469,64.0,242.0,0.26147395832415804
48,10,64,55.75765306122449,72.0,239.0,0.25847171721459733
49,10,65,56.732142857142854,73.0,238.0,0.09654178306692825
50,10,66,57.71173469387755,74.0,235.0,0.249881478858447
49,9,64,62.183673469387756,81.0,232.0,0.45261467623616036
50,8,64,68.69897959183673,90.0,228.0,inf
