run,seed,green_ns,green_ew,average_delay,max_queue,stops,weighted_score,evaluations
1,31900,20,13,8.900510204081632,11.0,318.0,0.9955612245492398,1970
2,31901,20,13,8.900510204081632,11.0,318.0,0.9955612245492398,1970
3,31902,20,13,8.900510204081632,11.0,318.0,0.9955612245492398,1970
4,31903,20,13,8.900510204081632,11.0,318.0,0.9955612245492398,1970
5,31904,20,13,8.900510204081632,11.0,318.0,0.9955612245492398,1970
6,31905,20,13,8.900510204081632,11.0,318.0,0.9955612245492398,1970
7,31906,20,13,8.900510204081632,11.0,318.0,0.9955612245492398,1970
8,31907,20,13,8.900510204081632,11.0,318.0,0.9955612245492398,1970
9,31908,20,13,8.900510204081632,11.0,318.0,0.9955612245492398,1970
10,31909,20,13,8.900510204081632,11.0,318.0,0.9955612245492398,1970
11,31910,20,13,8.900510204081632,11.0,318.0,0.9955612245492398,1970
12,31911,20,13,8.900510204081632,11.0,318.0,0.9955612245492398,1970
13,31912,20,13,8.900510204081632,11.0,318.0,0.9955612245492398,1970
14,31913,20,13,8.900510204081632,11.0,318.0,0.9955612245492398,1970
15,31914,20,13,8.900510204081632,11.0,318.0,0.9955612245492398,1970
16,31915,20,13,8.900510204081632,11.0,318.0,0.9955612245492398,1970
17,31916,20,13,8.900510204081632,11.0,318.0,0.9955612245492398,1970
18,31917,20,13,8.900510204081632,11.0,318.0,0.9955612245492398,1970
19,31918,20,13,8.900510204081632,11.0,318.0,0.9955612245492398,1970
20,31919,20,13,8.900510204081632,11.0,318.0,0.9955612245492398,1970
