slot,day,session,exam_id,exam_name,students
1,1,утро,2,Линейная алгебра,10
1,1,утро,4,Теория вероятностей,11
1,1,утро,10,Операционные системы,11
1,1,утро,20,Системный анализ,11
2,1,день,11,Компьютерные сети,9
2,1,день,30,Проектирование информационных систем,7
3,2,утро,7,Программирование на Python,11
4,2,день,9,Базы данных,11
4,2,день,13,Теория автоматов,12
4,2,день,25,Электротехника,11
4,2,день,29,Эволюционное программирование,12
6,3,день,1,Математический анализ,8
6,3,день,6,Алгоритмы и структуры данных,14
6,3,день,14,Численные методы,7
6,3,день,18,Информационная безопасность,13
6,3,день,27,Инженерия программного обеспечения,7
7,4,утро,8,Объектно-ориентированное программирование,9
8,4,день,12,Архитектура ЭВМ,16
8,4,день,17,Машинное обучение,9
8,4,день,21,Моделирование систем,9
8,4,день,24,Физика,16
9,5,утро,19,Криптография,14
9,5,утро,23,Цифровая обработка сигналов,9
9,5,утро,26,Микропроцессорные системы,9
10,5,день,16,Искусственный интеллект,13
11,6,утро,3,Дискретная математика,7
11,6,утро,15,Оптимизация,12
11,6,утро,28,Тестирование программного обеспечения,9
12,6,день,5,Математическая статистика,12
12,6,день,22,Теория управления,12

feasible,1
hard_conflict_pairs,0
conflicting_students,0
same_day_students,5
used_slots,11
soft_penalty,10.5
