generation,min,mean,max
0,56.65260215595095,111.1700120685629,146.7610614633227
1,22.37029724771219,49.852751185645545,69.02779089379479
2,7.605837440075088,23.283526271912578,41.32882993701256
3,3.7629085036866643,12.848027551541245,24.25827093655746
4,3.426744342295078,7.532757187803762,17.600351743316963
5,2.291254876788045,5.458641019314608,14.222924466111387
6,2.2529833815532356,4.166961902433995,11.247452182182823
7,1.9307632670219377,3.5720781802305424,10.697890322488004
8,1.581962086953324,2.9106306454501802,8.667031511742367
9,1.4635315118488277,2.5213121106539558,7.755193089564492
10,1.318548945849017,2.171746577050391,6.49378090379452
11,1.2529082024640252,1.9722792062576784,6.25986861955968
12,1.2093705562657382,1.717050514453429,3.861586208029375
13,1.1263082303214198,1.6058420112729082,3.861586208029375
14,1.0870323957437462,1.4260189753108459,3.4795306148222096
15,1.070423201203824,1.3060548627300796,2.3370090890189483
16,1.0554913125081828,1.243416479343998,2.299325546684054
17,0.918746141075021,1.1671952938561503,2.0228856196537452
18,0.8085732571844297,1.1198504041038175,1.9913743501418266
19,0.7973016531593431,1.0402291541950253,1.4107932001118604
20,0.7973016531593431,1.0054641771431472,1.292360975286687
21,0.7973016531593431,0.9869874676151174,1.2133027300958679
22,0.7973016531593431,0.973966444535297,1.1358234068725952
23,0.7973016531593431,0.9681151101594786,1.1053906311019872
24,0.7973016531593431,0.9568608377483306,1.0945320210808491
25,0.7973016531593431,0.9475842934893534,1.0877204950942796
26,0.7973016531593431,0.9338529540634133,1.0877204950942796
27,0.7973016531593431,0.923452752503783,1.0701412115683355
28,0.5992161526113094,0.8932952907617298,1.0426812531182317
29,0.5992161526113094,0.8876007050526136,1.0228612075964671
30,0.5992161526113094,0.8844268024960378,1.018923888249784
31,0.5992161526113094,0.8691873597978494,1.0161713689902105
32,0.5992161526113094,0.8594775479633252,0.9757161594950466
33,0.5992161526113094,0.8543106563316009,0.9736886562564523
34,0.5992161526113094,0.8343381695710033,0.9736886562564523
35,0.5992161526113094,0.8343381695710033,0.9736886562564523
36,0.5992161526113094,0.8285028774379629,0.9736886562564523
37,0.5992161526113094,0.8163028244203648,0.9736886562564523
38,0.5992161526113094,0.8121046653739821,0.9736886562564523
39,0.5992161526113094,0.7940452839394958,0.9501875735012595
40,0.5992161526113094,0.7940452839394958,0.9501875735012595
41,0.5992161526113094,0.7940452839394958,0.9501875735012595
42,0.355400526689743,0.7677420369530439,0.9219733442241107
43,0.355400526689743,0.763440460425305,0.9219733442241107
44,0.355400526689743,0.7595371680493008,0.9219733442241107
45,0.355400526689743,0.7513551739389975,0.9219733442241107
46,0.355400526689743,0.7513551739389975,0.9219733442241107
47,0.355400526689743,0.7506743883482684,0.9219733442241107
48,0.355400526689743,0.7469077951754707,0.9219733442241107
49,0.355400526689743,0.745913214740764,0.9121738542046589
50,0.355400526689743,0.7399293639873401,0.9121738542046589
51,0.355400526689743,0.7235780228344557,0.8914453102933597
52,0.355400526689743,0.7065890155015603,0.8793293577504327
53,0.355400526689743,0.7062769267521971,0.8793293577504327
54,0.355400526689743,0.697814275121085,0.8793293577504327
55,0.355400526689743,0.6911947767596824,0.8793293577504327
56,0.355400526689743,0.6911947767596824,0.8793293577504327
57,0.355400526689743,0.6868091367586325,0.8237573903554557
58,0.355400526689743,0.6848537974149093,0.8237573903554557
59,0.355400526689743,0.6823598925774563,0.8237573903554557
60,0.355400526689743,0.6621279231812801,0.8237573903554557
61,0.355400526689743,0.6621279231812801,0.8237573903554557
62,0.355400526689743,0.6456751972628487,0.8237573903554557
63,0.355400526689743,0.6386550252341977,0.8237573903554557
64,0.355400526689743,0.6365263556902278,0.8237573903554557
65,0.355400526689743,0.6365263556902278,0.8237573903554557
66,0.355400526689743,0.6365263556902278,0.8237573903554557
67,0.355400526689743,0.6365263556902278,0.8237573903554557
68,0.355400526689743,0.6345740188473743,0.8237573903554557
69,0.355400526689743,0.6345740188473743,0.8237573903554557
70,0.355400526689743,0.6336462325621983,0.8237573903554557
71,0.355400526689743,0.6297447361760276,0.7457274626320407
72,0.355400526689743,0.6235145530127313,0.7457274626320407
73,0.355400526689743,0.6222489224625422,0.7457274626320407
74,0.355400526689743,0.6183301944006749,0.731506699709662
75,0.355400526689743,0.6183301944006749,0.731506699709662
76,0.355400526689743,0.613654113676711,0.731506699709662
77,0.355400526689743,0.613654113676711,0.731506699709662
78,0.355400526689743,0.613654113676711,0.731506699709662
79,0.355400526689743,0.613654113676711,0.731506699709662
80,0.355400526689743,0.6081263351064402,0.731506699709662
81,0.355400526689743,0.605814077611825,0.731506699709662
82,0.355400526689743,0.6004229987767128,0.731506699709662
83,0.355400526689743,0.6000849850209674,0.731506699709662
84,0.355400526689743,0.591878775593868,0.731506699709662
85,0.355400526689743,0.5905274850227189,0.731506699709662
86,0.355400526689743,0.588390132974547,0.731506699709662
87,0.355400526689743,0.588390132974547,0.731506699709662
88,0.355400526689743,0.588390132974547,0.731506699709662
89,0.32385824008630126,0.5765156933848596,0.731506699709662
90,0.32385824008630126,0.5749688018634684,0.731506699709662
91,0.32385824008630126,0.5748739924756672,0.731506699709662
92,0.32385824008630126,0.5748739924756672,0.731506699709662
93,0.32385824008630126,0.5673148545036023,0.731506699709662
94,0.32385824008630126,0.5673148545036023,0.731506699709662
95,0.32385824008630126,0.5654608939910111,0.731506699709662
96,0.32385824008630126,0.5640869090885839,0.731506699709662
97,0.32385824008630126,0.5620462450573632,0.731506699709662
98,0.32385824008630126,0.5611649403556586,0.731506699709662
99,0.32385824008630126,0.5611649403556586,0.731506699709662
100,0.32385824008630126,0.5585853661435316,0.731506699709662
101,0.32385824008630126,0.5565381947432096,0.731506699709662
102,0.32385824008630126,0.5553913058597536,0.731506699709662
103,0.32385824008630126,0.5540396236452263,0.731506699709662
104,0.32385824008630126,0.5540396236452263,0.731506699709662
105,0.32385824008630126,0.5540396236452263,0.731506699709662
106,0.2932753100752591,0.5442732896790277,0.731506699709662
107,0.2932753100752591,0.5441921138338798,0.731506699709662
108,0.2932753100752591,0.5441921138338798,0.731506699709662
109,0.2932753100752591,0.5437063012779826,0.7294101014307919
110,0.2932753100752591,0.5437063012779826,0.7294101014307919
111,0.2932753100752591,0.5418604347287074,0.7294101014307919
112,0.2932753100752591,0.5418604347287074,0.7294101014307919
113,0.2932753100752591,0.5418604347287074,0.7294101014307919
114,0.2932753100752591,0.5410239699301495,0.7294101014307919
115,0.2932753100752591,0.5358087120041932,0.7294101014307919
116,0.2932753100752591,0.5358087120041932,0.7294101014307919
117,0.2932753100752591,0.5358087120041932,0.7294101014307919
118,0.2677075116883729,0.534530322084849,0.7294101014307919
119,0.2677075116883729,0.5251649480857098,0.6683811257873985
120,0.2677075116883729,0.5251649480857098,0.6683811257873985
121,0.2677075116883729,0.5242110812254313,0.6683811257873985
122,0.2677075116883729,0.5242110812254313,0.6683811257873985
123,0.2677075116883729,0.5242110812254313,0.6683811257873985
124,0.2677075116883729,0.5242110812254313,0.6683811257873985
125,0.2677075116883729,0.5242110812254313,0.6683811257873985
126,0.2677075116883729,0.5242110812254313,0.6683811257873985
127,0.2677075116883729,0.5242110812254313,0.6683811257873985
128,0.2677075116883729,0.5242110812254313,0.6683811257873985
129,0.2677075116883729,0.518353361251784,0.6683811257873985
130,0.2677075116883729,0.5176044825879397,0.6683811257873985
131,0.2677075116883729,0.5016311391972816,0.6683811257873985
132,0.2677075116883729,0.5016311391972816,0.6683811257873985
133,0.2677075116883729,0.4905890862522341,0.6683811257873985
134,0.2677075116883729,0.4905890862522341,0.6683811257873985
135,0.2677075116883729,0.4905890862522341,0.6683811257873985
136,0.2677075116883729,0.4905890862522341,0.6683811257873985
137,0.2677075116883729,0.4905890862522341,0.6683811257873985
138,0.2677075116883729,0.4895472356857926,0.6683811257873985
139,0.2677075116883729,0.4895472356857926,0.6683811257873985
140,0.2446064693271528,0.48839218356773156,0.6683811257873985
141,0.2446064693271528,0.4883749457994795,0.6683811257873985
142,0.2446064693271528,0.4883749457994795,0.6683811257873985
143,0.2446064693271528,0.48802262984603856,0.6683811257873985
144,0.2446064693271528,0.48404565252585224,0.6683811257873985
145,0.2446064693271528,0.48404565252585224,0.6683811257873985
146,0.2446064693271528,0.48404565252585224,0.6683811257873985
147,0.2446064693271528,0.4838257258859765,0.6683811257873985
148,0.2446064693271528,0.48233435633011557,0.6683811257873985
149,0.2446064693271528,0.48233435633011557,0.6683811257873985
150,0.2446064693271528,0.48233435633011557,0.6683811257873985
151,0.2446064693271528,0.48233435633011557,0.6683811257873985
152,0.2446064693271528,0.47747029333334295,0.6683811257873985
153,0.2446064693271528,0.4739885354855932,0.6475798680165873
154,0.2446064693271528,0.4739885354855932,0.6475798680165873
155,0.2446064693271528,0.47368687767675716,0.6475798680165873
156,0.2446064693271528,0.47368687767675716,0.6475798680165873
157,0.2446064693271528,0.47368687767675716,0.6475798680165873
158,0.2446064693271528,0.47368687767675716,0.6475798680165873
159,0.2446064693271528,0.47368687767675716,0.6475798680165873
160,0.2446064693271528,0.47368687767675716,0.6475798680165873
161,0.2446064693271528,0.47368687767675716,0.6475798680165873
162,0.2446064693271528,0.47368687767675716,0.6475798680165873
163,0.2035327194245552,0.4668053589043913,0.6475798680165873
164,0.2035327194245552,0.4668053589043913,0.6475798680165873
165,0.2035327194245552,0.4668053589043913,0.6475798680165873
166,0.2035327194245552,0.4668053589043913,0.6475798680165873
167,0.2035327194245552,0.4668053589043913,0.6475798680165873
168,0.2035327194245552,0.4668053589043913,0.6475798680165873
169,0.2035327194245552,0.4655158823129869,0.6475798680165873
170,0.2035327194245552,0.46532914539769105,0.6475798680165873
171,0.2035327194245552,0.46532914539769105,0.6475798680165873
172,0.2035327194245552,0.4643762088530847,0.6475798680165873
173,0.2035327194245552,0.4643762088530847,0.6475798680165873
174,0.2035327194245552,0.4639061084531949,0.6475798680165873
175,0.2035327194245552,0.4635228515439714,0.6475798680165873
176,0.2035327194245552,0.4635228515439714,0.6475798680165873
177,0.2035327194245552,0.46352285154397127,0.6475798680165873
178,0.19294633515556425,0.46299353233052176,0.6475798680165873
179,0.19294633515556425,0.46299353233052176,0.6475798680165873
180,0.19294633515556425,0.46299353233052176,0.6475798680165873
181,0.19294633515556425,0.46299353233052176,0.6475798680165873
182,0.19294633515556425,0.46299353233052176,0.6475798680165873
183,0.19294633515556425,0.46118303453761966,0.6475798680165873
184,0.19294633515556425,0.46118303453761966,0.6475798680165873
185,0.19294633515556425,0.46118303453761966,0.6475798680165873
186,0.19294633515556425,0.46118303453761966,0.6475798680165873
187,0.19294633515556425,0.45742447883526766,0.6475798680165873
188,0.19294633515556425,0.45742447883526766,0.6475798680165873
189,0.19294633515556425,0.45742447883526766,0.6475798680165873
190,0.19294633515556425,0.45742447883526766,0.6475798680165873
191,0.19294633515556425,0.45742447883526766,0.6475798680165873
192,0.19294633515556425,0.44336153116757854,0.6475798680165873
193,0.19294633515556425,0.44336153116757854,0.6475798680165873
194,0.19294633515556425,0.44336153116757854,0.6475798680165873
195,0.19294633515556425,0.44336153116757854,0.6475798680165873
196,0.19294633515556425,0.4415893567863501,0.6253169186767162
197,0.19294633515556425,0.4415893567863501,0.6253169186767162
198,0.19294633515556425,0.43858487893249076,0.6253169186767162
199,0.19294633515556425,0.43763975074506856,0.6253169186767162
200,0.19294633515556425,0.4366623209042829,0.6253169186767162
201,0.19294633515556425,0.4366623209042829,0.6253169186767162
202,0.19294633515556425,0.43243684600425986,0.6253169186767162
203,0.19294633515556425,0.43243684600425986,0.6253169186767162
204,0.19294633515556425,0.43117097914974256,0.6253169186767162
205,0.19294633515556425,0.43117097914974256,0.6253169186767162
206,0.19294633515556425,0.43117097914974256,0.6253169186767162
207,0.19294633515556425,0.43117097914974256,0.6253169186767162
208,0.19294633515556425,0.43117097914974256,0.6253169186767162
209,0.19294633515556425,0.43117097914974256,0.6253169186767162
210,0.19294633515556425,0.43030141466119715,0.6253169186767162
211,0.19294633515556425,0.42758651681675663,0.6253169186767162
212,0.19294633515556425,0.42637616856886434,0.6253169186767162
213,0.19294633515556425,0.42637616856886434,0.6253169186767162
214,0.19294633515556425,0.42637616856886434,0.6253169186767162
215,0.19294633515556425,0.42637616856886434,0.6253169186767162
216,0.19294633515556425,0.4262074277087674,0.6253169186767162
217,0.19294633515556425,0.42317511490828574,0.6253169186767162
218,0.19288519340550891,0.42317205782078304,0.6253169186767162
219,0.19288519340550891,0.42317205782078304,0.6253169186767162
220,0.19288519340550891,0.42317205782078304,0.6253169186767162
221,0.19288519340550891,0.42317205782078304,0.6253169186767162
222,0.19288519340550891,0.42317205782078304,0.6253169186767162
223,0.19288519340550891,0.42317205782078304,0.6253169186767162
224,0.19288519340550891,0.42317205782078304,0.6253169186767162
225,0.19288519340550891,0.42222328168940715,0.6253169186767162
226,0.19288519340550891,0.42222328168940715,0.6253169186767162
227,0.19288519340550891,0.42222328168940715,0.6253169186767162
228,0.19288519340550891,0.4186328697596039,0.6253169186767162
229,0.19288519340550891,0.4186328697596039,0.6253169186767162
230,0.19288519340550891,0.4186328697596039,0.6253169186767162
231,0.19288519340550891,0.4184002035197992,0.6253169186767162
232,0.19288519340550891,0.4184002035197992,0.6253169186767162
233,0.19288519340550891,0.4184002035197992,0.6253169186767162
234,0.19288519340550891,0.41717368787333,0.614577586129205
235,0.19288519340550891,0.41717368787333,0.614577586129205
236,0.19288519340550891,0.41717368787333,0.614577586129205
237,0.19288519340550891,0.4125109267902026,0.6007866057473319
238,0.19288519340550891,0.4125109267902026,0.6007866057473319
239,0.19288519340550891,0.4121214879196577,0.6007866057473319
240,0.19288519340550891,0.4121214879196577,0.6007866057473319
241,0.19288519340550891,0.4116123218879076,0.6007866057473319
242,0.19288519340550891,0.4116123218879076,0.6007866057473319
243,0.19288519340550891,0.4116123218879076,0.6007866057473319
244,0.19288519340550891,0.408346444746297,0.5845821450320036
245,0.19288519340550891,0.4076326093097597,0.5845821450320036
246,0.19288519340550891,0.40709398150668097,0.5738095889704281
247,0.19288519340550891,0.406328053272387,0.5738095889704281
248,0.19288519340550891,0.406328053272387,0.5738095889704281
249,0.19288519340550891,0.40621356989709645,0.5738095889704281
250,0.19288519340550891,0.40621356989709645,0.5738095889704281
251,0.19288519340550891,0.4033396265756416,0.5738095889704281
252,0.19288519340550891,0.4033396265756416,0.5738095889704281
253,0.19288519340550891,0.4033396265756416,0.5738095889704281
254,0.19288519340550891,0.4033396265756416,0.573809588970428
255,0.19288519340550891,0.40049560054340283,0.573809588970428
256,0.19288519340550891,0.40049560054340283,0.573809588970428
257,0.19288519340550891,0.40049560054340283,0.573809588970428
258,0.19288519340550891,0.40049560054340283,0.573809588970428
259,0.19288519340550891,0.40049560054340283,0.573809588970428
260,0.19288519340550891,0.40049560054340283,0.573809588970428
261,0.19288519340550891,0.40049560054340283,0.573809588970428
262,0.19288519340550891,0.40049560054340283,0.573809588970428
263,0.19288519340550891,0.40049560054340283,0.573809588970428
264,0.19288519340550891,0.40049560054340283,0.573809588970428
265,0.19288519340550891,0.40049560054340283,0.573809588970428
266,0.19288519340550891,0.40049560054340283,0.573809588970428
267,0.19288519340550891,0.40049560054340283,0.573809588970428
268,0.19288519340550891,0.3984983612232854,0.573809588970428
269,0.19288519340550891,0.3952650877601411,0.573809588970428
270,0.19288519340550891,0.3952650877601411,0.573809588970428
271,0.19288519340550891,0.3918441999964572,0.573809588970428
272,0.19288519340550891,0.3907540340758867,0.573809588970428
273,0.19288519340550891,0.3907540340758867,0.573809588970428
274,0.19288519340550891,0.3907540340758867,0.573809588970428
275,0.19288519340550891,0.3907540340758867,0.573809588970428
276,0.19288519340550891,0.3907540340758867,0.573809588970428
277,0.19288519340550891,0.3907540340758867,0.573809588970428
278,0.19288519340550891,0.39019957391766064,0.573809588970428
279,0.19288519340550891,0.39019957391766064,0.573809588970428
280,0.19288519340550891,0.39019957391766064,0.573809588970428
281,0.19288519340550891,0.39019957391766064,0.573809588970428
282,0.19288519340550891,0.3892671860273955,0.573809588970428
283,0.19288519340550891,0.3890825834124327,0.573809588970428
284,0.19288519340550891,0.3890825834124327,0.573809588970428
285,0.19288519340550891,0.3890825834124327,0.573809588970428
286,0.19288519340550891,0.3890825834124327,0.573809588970428
287,0.19288519340550891,0.3890825834124327,0.573809588970428
288,0.19288519340550891,0.3890825834124327,0.573809588970428
289,0.19288519340550891,0.3886766697481247,0.5712070589947097
290,0.19288519340550891,0.3834811908304856,0.5712070589947097
291,0.19288519340550891,0.3834811908304856,0.5712070589947097
292,0.19288519340550891,0.3834811908304856,0.5712070589947097
293,0.19288519340550891,0.3834755272606964,0.5712070589947097
294,0.19288519340550891,0.3834755272606964,0.5712070589947097
295,0.19288519340550891,0.3834755272606964,0.5712070589947097
296,0.19288519340550891,0.3834755272606964,0.5712070589947097
297,0.19288519340550891,0.3834755272606964,0.5712070589947097
298,0.19288519340550891,0.3834755272606964,0.5712070589947097
299,0.19288519340550891,0.3834755272606964,0.5712070589947097
300,0.19288519340550891,0.38076709905878436,0.5712070589947097
