method,run,seed,best_fitness,best_vector,evaluations
GA_mut_0.05,1,2026,0.4653801856942747,1.3316390585 -0.9613085427 -1.1494838560 -0.7278771798 -0.7986986575 -0.9019897084,30100
GA_mut_0.05,2,2027,0.12325833833279554,-1.4579148801 -1.0541304722 -0.9230253089 -0.7336654590 -0.2854898613 -1.1364588797,30100
GA_mut_0.05,3,2028,0.27943623926012895,-1.0113661530 -0.6139743520 0.1180527732 0.0778104379 -1.0438157806 -1.8683232306,30100
GA_mut_0.05,4,2029,0.6407457102852792,-0.3793047873 1.4844042697 -1.3995232430 -1.1427485783 -0.5924580461 -0.1926802272,30100
GA_mut_0.05,5,2030,0.08770564549645288,-0.8924864449 -1.1844619827 -1.4004223907 -0.2685789138 -1.2343980790 -0.4934183160,30100
GA_mut_0.05,6,2031,0.17391789499399257,-1.4851228780 -1.3404179405 -0.9944911734 0.0916078907 -0.6388600216 -0.7695077256,30100
GA_mut_0.05,7,2032,0.21037323812339725,-0.6444930542 -1.8196007369 -1.2329971039 -0.7969573375 -0.1653651789 -0.3015152550,30100
GA_mut_0.05,8,2033,0.2270949928136382,-1.4160137353 -1.4918274393 -0.5216128577 -0.4415935791 -0.8470236225 -0.7644789949,30100
GA_mut_0.05,9,2034,0.0093417604005121,-0.8624040048 -0.8413373664 -0.9513012689 -1.0666240105 -1.2461959967 -0.9760867903,30100
GA_mut_0.05,10,2035,0.3022528420756919,-0.4537226850 -0.2719848328 -0.6485763288 -0.0522272066 -2.1861790159 -0.7193066140,30100
GA_mut_0.05,11,2036,0.18068302525110713,-0.8431863756 -1.1273553331 0.0435066301 -1.1199641647 -0.2218870395 -1.6470155656,30100
GA_mut_0.05,12,2037,0.1558401108933043,-1.1692710913 -0.8432267312 -1.4621969834 -0.0518743574 -1.2974691411 -0.3124686153,30100
GA_mut_0.05,13,2038,0.2877347778296333,-0.9911337223 0.6005684590 -1.4740276823 -0.2052493761 -1.0634473211 -1.1450617238,30100
GA_mut_0.05,14,2039,0.1593482684523596,-1.4802627140 -1.5163138161 -0.3502563414 -0.6442971170 -0.8239354336 -0.5412388394,30100
GA_mut_0.05,15,2040,0.08377629570525968,-1.0474563577 -1.5163276381 -0.5696330487 -1.0097297509 -0.2631973282 -1.0909981023,30100
GA_mut_0.05,16,2041,0.045609929924923354,-0.7728953092 -0.7092279278 -1.2368155370 -1.1003397980 -1.3662813312 -0.5407805172,30100
GA_mut_0.05,17,2042,0.45703967161655473,-0.4746022833 -0.0234590421 -1.5945847869 -1.6099257800 -0.3239098952 0.7312476081,30100
GA_mut_0.05,18,2043,0.1454772832223566,-1.1221034642 -1.2653043383 -0.2428099313 -0.7109376143 -0.1927634376 -1.5932175150,30100
GA_mut_0.05,19,2044,0.24347780619346948,-1.5694681629 -0.8088141531 0.4369836267 -0.4538585656 -1.1161952656 -1.1134429269,30100
GA_mut_0.05,20,2045,0.8651827616107812,-0.4613476509 1.6057935350 0.0392578141 -1.6684790534 -0.5925825831 0.2684545079,30100
GA_mut_0.20,1,2026,0.07267227867498466,-1.0998921512 -1.1830212734 -0.6470814309 -1.0993949137 -0.8834378197 -0.9913837023,30100
GA_mut_0.20,2,2027,0.10733317818933841,-0.6155745579 -0.8553591228 -0.9021996434 -0.8255466786 -1.5399858026 -1.0111193758,30100
GA_mut_0.20,3,2028,0.028567134538177608,-0.8856040078 -1.1077733805 -0.7257974849 -1.0548153672 -1.1759409583 -0.9830000009,30100
GA_mut_0.20,4,2029,0.06438500266065045,-0.9733129921 -0.8052048819 -1.2210840198 -0.8783368567 -0.9432383887 -1.1189627693,30100
GA_mut_0.20,5,2030,0.11230350955240082,-0.6257738758 -1.4124939994 -0.8781284798 -1.3896600636 -0.4956342638 -0.8156863164,30100
GA_mut_0.20,6,2031,0.07855945048360857,-1.0687251396 -1.1662997926 -1.3195379347 -0.7039793425 -0.7899397199 -0.7980020095,30100
GA_mut_0.20,7,2032,0.07173495725772622,-0.9690458810 -0.8678286282 -0.9656906908 -0.9691149833 -1.4570760342 -0.5594750980,30100
GA_mut_0.20,8,2033,0.11361160572260015,-1.0841821038 -1.4694090930 -0.3593023455 -0.9498147416 -0.9043445336 -0.9035002512,30100
GA_mut_0.20,9,2034,0.17219664835453347,-0.8247019660 -1.0129822849 -0.6405671992 -1.7733235091 -0.3832875873 -0.7693177547,30100
GA_mut_0.20,10,2035,0.13638759963634395,-1.1210015991 -0.6286311189 -0.3833134445 -0.5785796218 -1.6138163475 -1.1234302291,30100
GA_mut_0.20,11,2036,0.0758526947523725,-1.1559254568 -0.6470495227 -0.8589084217 -1.0631473665 -1.0101320318 -1.1648187839,30100
GA_mut_0.20,12,2037,0.11546165546907272,-0.7260532133 -0.7520504727 -1.0967851486 -0.7825174224 -1.3281655143 -1.1523501161,30100
GA_mut_0.20,13,2038,0.06109524139245015,-0.8593086072 -1.1772748721 -1.1096718990 -0.9268036616 -0.8754116534 -1.0094250004,30100
GA_mut_0.20,14,2039,0.06782660346179259,-0.7470461528 -1.0558375171 -0.8544980356 -1.1896027366 -1.1069282535 -0.9780119037,30100
GA_mut_0.20,15,2040,0.08763178753625939,-1.0444634446 -1.0677693032 -1.2294716203 -0.9053059075 -0.7372899895 -0.9456332930,30100
GA_mut_0.20,16,2041,0.0887832429423554,-0.8531599957 -0.9472139387 -0.9204877444 -0.7060338084 -0.9202429009 -1.4772568832,30100
GA_mut_0.20,17,2042,0.17597084396143392,-1.0955840274 -0.7894595816 -1.1436139941 -1.1026218992 -1.0107115172 -0.7950043838,30100
GA_mut_0.20,18,2043,0.13872723960077205,-1.4783195945 -0.9183147823 -1.0461868766 -1.0350880652 -0.6989255009 -0.5628280013,30100
GA_mut_0.20,19,2044,0.13383663773692794,-1.1131553536 -1.6286489931 -0.6124167863 -0.8063369051 -0.7670412740 -0.7034409443,30100
GA_mut_0.20,20,2045,0.10087420292154314,-1.0736615147 -1.3772156026 -0.4339922459 -0.9149694432 -1.1208051509 -0.8177987720,30100
RandomSearch,1,2026,4.316117891552451,-1.8785243805 -2.1942913962 -1.3232519794 -0.7856464537 -0.4692690434 -5.4722566382,30100
RandomSearch,2,2027,5.810578698707209,-0.8735932221 1.6547523384 -3.8333712283 -0.1486639167 4.0826090515 -0.5785622581,30100
RandomSearch,3,2028,3.781938023063364,-0.7735950178 -1.8481559321 0.9941138085 -2.2277465285 -0.0721371463 2.9522854814,30100
RandomSearch,4,2029,5.574147606581924,0.0719185360 -4.3106144445 -2.9640168509 2.7399271400 1.8144781775 -0.3623111504,30100
RandomSearch,5,2030,3.2361738255110772,-0.4818183668 -1.9421910675 0.5635084488 -3.1720182122 -0.5829806661 -3.2698712542,30100
RandomSearch,6,2031,4.966615500975794,-1.8110734990 -0.1417270362 2.7280088247 2.2218003170 -1.3716759019 2.1243352313,30100
RandomSearch,7,2032,4.105776362460449,-4.2835176112 -2.2617622240 0.6894497774 -0.6366044743 -0.3046562727 1.7535964981,30100
RandomSearch,8,2033,5.487270606237244,3.3971421599 2.4259920991 -1.5240620501 1.9938271734 -1.2820257144 -0.9355452242,30100
RandomSearch,9,2034,5.937278572619045,3.2188381910 0.9137535493 -5.0461111531 -2.3498128081 -0.0084697299 -1.7559723272,30100
RandomSearch,10,2035,5.502816080606554,-4.0215390739 -1.6971272454 -2.3844614162 3.5512379635 -0.2259926288 -2.7815723304,30100
RandomSearch,11,2036,3.8774879522710948,-1.0907867038 -1.9433530650 2.0561426876 -2.3284454370 2.1183440370 0.3815456212,30100
RandomSearch,12,2037,4.90650965497451,-2.7711149158 -3.3645496487 -1.2538491388 1.2373537313 -4.5908023029 0.5774883100,30100
RandomSearch,13,2038,5.063754763088095,2.2612832529 1.5709825396 -4.5899147527 -1.4626637829 0.4660937366 -1.7853780269,30100
RandomSearch,14,2039,2.6575333103730086,-0.8404034201 -1.1740302812 -2.7284604403 -3.1462370349 -1.3626994102 -1.0041024477,30100
RandomSearch,15,2040,5.125333507055023,-1.3156914338 -2.4309944759 -0.2608194351 -4.4216997703 1.7431474887 -4.0453970970,30100
RandomSearch,16,2041,2.9068608840290575,0.1494503142 1.1582135098 1.7814218136 0.2883502307 -0.9260815536 -2.3115172331,30100
RandomSearch,17,2042,4.548733401112562,3.5189347236 0.7502459107 -2.4248591404 0.4589018752 -1.4639143260 0.6902554319,30100
RandomSearch,18,2043,5.9071863066972865,1.2830145190 -2.9743538504 -1.1441133973 0.4138142381 3.2805609557 -4.4531765544,30100
RandomSearch,19,2044,3.234691416096654,-1.0678734854 0.2379547787 -0.0740249871 2.2621545213 -2.8662741853 0.3141827323,30100
RandomSearch,20,2045,3.0583914974653665,-2.7295446984 -0.4562014072 -0.2482466142 2.2716062528 -1.6014149627 -1.1658144804,30100
