exam_a,exam_b,shared_students
1,2,1
1,4,1
1,5,2
1,7,1
1,10,1
1,11,1
1,12,1
1,15,1
1,23,1
1,24,2
1,25,1
1,28,1
1,29,1
1,30,1
2,3,1
2,5,1
2,6,1
2,7,1
2,9,1
2,12,1
2,15,1
2,16,1
2,18,1
2,19,3
2,22,1
2,23,1
2,24,3
2,26,1
3,6,1
3,7,1
3,12,2
3,16,1
3,18,2
3,19,2
3,23,1
3,24,1
4,5,1
4,6,2
4,7,1
4,9,1
4,11,1
4,12,1
4,13,1
4,15,1
4,16,1
4,19,1
4,21,2
4,22,1
4,23,1
4,25,1
4,27,2
4,29,1
5,7,1
5,8,1
5,11,2
5,12,1
5,13,1
5,14,1
5,15,1
5,16,2
5,17,1
5,18,1
5,19,2
5,20,1
5,24,2
5,25,1
5,29,2
6,7,2
6,8,1
6,9,1
6,10,2
6,11,1
6,12,1
6,13,1
6,15,2
6,16,2
6,19,1
6,20,2
6,21,2
6,22,2
6,23,1
6,25,1
6,29,1
6,30,1
7,8,1
7,10,2
7,12,1
7,14,1
7,15,1
7,16,2
7,17,1
7,18,1
7,19,2
7,23,1
7,24,3
7,25,1
7,26,1
8,9,1
8,10,2
8,13,1
8,15,1
8,16,2
8,19,1
8,20,1
8,22,1
8,24,1
8,26,1
8,29,3
9,11,1
9,12,3
9,15,2
9,16,1
9,18,1
9,19,2
9,21,1
9,22,1
9,23,1
9,24,2
9,26,1
9,27,1
10,12,1
10,13,1
10,14,1
10,15,2
10,16,1
10,19,1
10,21,2
10,24,3
10,25,1
10,27,1
10,29,3
11,12,2
11,13,2
11,16,1
11,17,1
11,19,1
11,22,1
11,23,1
11,24,2
11,29,1
12,14,1
12,15,1
12,18,2
12,19,2
12,20,2
12,23,1
12,25,1
12,26,2
12,27,1
12,28,2
12,29,2
13,15,1
13,16,1
13,17,1
13,19,1
13,20,1
13,21,1
13,22,1
13,26,1
13,28,1
13,30,1
14,19,1
14,23,1
14,24,1
14,25,1
14,26,1
15,17,1
15,18,2
15,19,1
15,20,2
15,21,2
15,22,1
15,23,1
15,27,1
15,29,1
16,17,1
16,21,2
16,22,2
16,24,3
16,30,1
17,18,1
17,20,1
17,23,1
17,26,1
17,27,1
17,28,1
17,30,1
18,20,1
18,22,2
18,23,1
18,24,1
18,25,1
18,26,1
18,28,1
18,29,1
19,21,1
19,24,2
19,27,1
19,29,1
19,30,1
20,21,2
20,23,1
20,24,1
20,25,1
20,26,2
20,28,3
20,29,2
21,22,1
21,25,1
21,26,1
21,28,1
21,29,1
21,30,1
22,24,2
22,25,2
22,29,1
22,30,2
23,24,1
23,27,1
23,30,1
24,26,2
24,28,1
25,26,1
25,27,1
25,28,1
25,30,1
26,28,1
28,29,1
28,30,1
29,30,1
