student_id,exam_id
S001,1
S001,5
S001,25
S002,2
S002,19
S003,3
S003,24
S004,4
S004,6
S005,5
S005,19
S006,6
S006,22
S007,3
S007,7
S007,12
S007,19
S008,8
S008,22
S009,9
S009,16
S010,10
S010,14
S011,1
S011,11
S011,12
S011,29
S012,11
S012,12
S012,23
S013,6
S013,13
S014,12
S014,14
S014,26
S015,13
S015,15
S015,20
S016,16
S016,24
S017,11
S017,17
S018,9
S018,18
S018,24
S019,9
S019,11
S019,19
S020,20
S020,23
S020,24
S021,16
S021,21
S022,22
S022,25
S023,2
S023,23
S024,8
S024,10
S024,19
S024,24
S025,25
S025,26
S026,8
S026,13
S026,26
S027,4
S027,9
S027,23
S027,27
S028,17
S028,28
S029,6
S029,29
S030,19
S030,29
S030,30
S031,1
S031,30
S032,2
S032,18
S033,3
S033,12
S034,4
S034,5
S034,12
S035,5
S035,11
S035,24
S036,6
S036,12
S036,20
S037,7
S037,25
S038,8
S038,10
S038,29
S039,2
S039,9
S039,12
S040,10
S040,12
S040,29
S041,5
S041,11
S041,16
S041,24
S042,12
S042,18
S042,25
S043,13
S043,17
S044,7
S044,14
S045,8
S045,9
S045,15
S046,3
S046,16
S047,5
S047,17
S048,18
S048,28
S049,19
S049,27
S050,5
S050,8
S050,20
S050,29
S051,20
S051,21
S051,28
S051,29
S052,18
S052,22
S053,6
S053,7
S053,15
S053,23
S054,1
S054,24
S054,28
S055,4
S055,21
S055,25
S056,20
S056,21
S056,26
S057,10
S057,25
S057,27
S058,12
S058,28
S059,4
S059,29
S060,28
S060,30
S061,1
S061,2
S061,5
S061,15
S062,2
S062,24
S062,26
S063,2
S063,3
S063,6
S063,19
S064,4
S064,15
S064,19
S064,21
S065,5
S065,18
S065,29
S066,6
S066,10
S066,16
S067,6
S067,7
S067,8
S067,16
S068,8
S068,16
S069,9
S069,12
S069,19
S070,10
S070,13
S070,21
S071,4
S071,6
S071,11
S071,22
S072,12
S072,18
S073,11
S073,13
S074,5
S074,14
S075,15
S075,27
S076,16
S076,21
S076,22
S076,30
S077,16
S077,17
S078,3
S078,18
S078,23
S079,2
S079,19
S080,15
S080,17
S080,20
S081,6
S081,10
S081,15
S081,21
S082,2
S082,16
S082,22
S082,24
S083,14
S083,23
S084,7
S084,10
S084,24
S085,20
S085,25
S085,28
S086,9
S086,26
S087,17
S087,27
S088,12
S088,20
S088,26
S088,28
S089,10
S089,15
S089,29
S090,6
S090,25
S090,30
S091,1
S091,23
S092,2
S092,7
S092,24
S093,3
S093,18
S094,1
S094,4
S095,5
S095,13
S095,16
S096,6
S096,20
S097,5
S097,7
S097,19
S098,8
S098,29
S099,9
S099,12
S099,15
S100,1
S100,7
S100,10
S100,24
S101,11
S101,13
S102,12
S102,27
S103,4
S103,13
S104,14
S104,25
S105,15
S105,18
S106,4
S106,7
S106,16
S107,7
S107,17
S107,18
S107,26
S108,15
S108,18
S108,22
S109,13
S109,19
S110,18
S110,20
S111,6
S111,9
S111,21
S112,9
S112,22
S112,24
S113,17
S113,23
S113,30
S114,14
S114,19
S114,24
S115,22
S115,25
S116,24
S116,26
S117,4
S117,27
S118,13
S118,28
S119,22
S119,29
S120,13
S120,22
S120,30
