id,name,price_rub,power_w,utility,category
1,Осциллограф,86000,1600,60,Измерение
2,Лабораторный БП,55000,300,29,Вычисления
3,Мультиметр,151000,1300,66,Оптика
4,Генератор сигналов,199000,400,59,Электроника
5,Логический анализатор,43000,600,79,Механика
6,Микроскоп,99000,900,20,Безопасность
7,Спектрометр,59000,1200,88,Измерение
8,Термокамера,219000,2900,100,Вычисления
9,Паяльная станция,182000,700,21,Оптика
10,Вытяжка,249000,1700,38,Электроника
11,3D-принтер,158000,2900,28,Механика
12,ЧПУ-станок,97000,700,99,Безопасность
13,Компрессор,222000,1400,34,Измерение
14,Вакуумный насос,133000,400,27,Вычисления
15,Весы,181000,200,71,Оптика
16,ПК рабочей станции,34000,500,53,Электроника
17,Сервер вычислений,180000,1100,23,Механика
18,ИБП,71000,1600,37,Безопасность
19,Сетевой коммутатор,175000,500,36,Измерение
20,Монитор,52000,700,24,Вычисления
21,Набор датчиков,36000,600,98,Оптика
22,DAQ-модуль,159000,300,26,Электроника
23,Калибратор,178000,2900,77,Механика
24,Источник опорного напряжения,46000,1500,100,Безопасность
25,LCR-метр,218000,200,59,Измерение
26,Шкаф безопасности,43000,700,79,Вычисления
27,Лазерный модуль,170000,1800,34,Оптика
28,Оптический стол,30000,1700,45,Электроника
29,Камера высокого разрешения,85000,1600,100,Механика
30,Робот-манипулятор,147000,3000,54,Безопасность
31,Система вентиляции,241000,2300,47,Измерение
32,Холодильная камера,207000,600,64,Вычисления
33,Ультразвуковая ванна,173000,2900,39,Оптика
34,Центрифуга,45000,2600,34,Электроника
35,Стабилизатор напряжения,110000,1500,69,Механика
36,Прецизионный термометр,107000,2500,98,Безопасность
37,Датчик давления,141000,300,83,Измерение
38,Система освещения,228000,2900,21,Вычисления
39,Электронная нагрузка,54000,2300,74,Оптика
40,Частотомер,214000,2500,83,Электроника
