exam_id,exam_name
1,Математический анализ
2,Линейная алгебра
3,Дискретная математика
4,Теория вероятностей
5,Математическая статистика
6,Алгоритмы и структуры данных
7,Программирование на Python
8,Объектно-ориентированное программирование
9,Базы данных
10,Операционные системы
11,Компьютерные сети
12,Архитектура ЭВМ
13,Теория автоматов
14,Численные методы
15,Оптимизация
16,Искусственный интеллект
17,Машинное обучение
18,Информационная безопасность
19,Криптография
20,Системный анализ
21,Моделирование систем
22,Теория управления
23,Цифровая обработка сигналов
24,Физика
25,Электротехника
26,Микропроцессорные системы
27,Инженерия программного обеспечения
28,Тестирование программного обеспечения
29,Эволюционное программирование
30,Проектирование информационных систем
